Text,Pattern
fdciledghetxvwnowiucpwhvsnsbphaypmaawmthhrspbptijniemtfaclemyjwuqsiikoothjuunndnopueqxzveoqrqfpiwfwk,emtfa
fdciledghetxvwnowiucpwhvsnsbphaypmaawmthhrspbptijniemtfaclemyjwuqsiikoothjuunndnopueqxzveoqrqfpiwfwk,wnowiucpwh
fdciledghetxvwnowiucpwhvsnsbphaypmaawmthhrspbptijniemtfaclemyjwuqsiikoothjuunndnopueqxzveoqrqfpiwfwk,mtfaclemyjwuqsiikoot
fdciledghetxvwnowiucpwhvsnsbphaypmaawmthhrspbptijniemtfaclemyjwuqsiikoothjuunndnopueqxzveoqrqfpiwfwk,owiucpwhvsnsbphaypmaawmthhrspbptijniemtfaclemyjwuq
vufqivbwjfznldqwcvcvvokzdxvztvmsfrbqsfilvvniwarkicpfuazpehrsjizxkartzwgizuxmytpounfliahigrnyakkeijprtgnrgoelsnxnbqgyvkpschcffnkacppazqqumkxkjzhwcyxocboogoycpchsjarkwysexwfulqeifddsdjbtrmumnakusgiuxrtf,rkwys
vufqivbwjfznldqwcvcvvokzdxvztvmsfrbqsfilvvniwarkicpfuazpehrsjizxkartzwgizuxmytpounfliahigrnyakkeijprtgnrgoelsnxnbqgyvkpschcffnkacppazqqumkxkjzhwcyxocboogoycpchsjarkwysexwfulqeifddsdjbtrmumnakusgiuxrtf,wjfznldqwc
vufqivbwjfznldqwcvcvvokzdxvztvmsfrbqsfilvvniwarkicpfuazpehrsjizxkartzwgizuxmytpounfliahigrnyakkeijprtgnrgoelsnxnbqgyvkpschcffnkacppazqqumkxkjzhwcyxocboogoycpchsjarkwysexwfulqeifddsdjbtrmumnakusgiuxrtf,ufqivbwjfznldqwcvcvv
vufqivbwjfznldqwcvcvvokzdxvztvmsfrbqsfilvvniwarkicpfuazpehrsjizxkartzwgizuxmytpounfliahigrnyakkeijprtgnrgoelsnxnbqgyvkpschcffnkacppazqqumkxkjzhwcyxocboogoycpchsjarkwysexwfulqeifddsdjbtrmumnakusgiuxrtf,tpounfliahigrnyakkeijprtgnrgoelsnxnbqgyvkpschcffnk
vufqivbwjfznldqwcvcvvokzdxvztvmsfrbqsfilvvniwarkicpfuazpehrsjizxkartzwgizuxmytpounfliahigrnyakkeijprtgnrgoelsnxnbqgyvkpschcffnkacppazqqumkxkjzhwcyxocboogoycpchsjarkwysexwfulqeifddsdjbtrmumnakusgiuxrtf,dqwcvcvvokzdxvztvmsfrbqsfilvvniwarkicpfuazpehrsjizxkartzwgizuxmytpounfliahigrnyakkeijprtgnrgoelsnxnb
awgldrciuzeuwiabongqvdufqatjiknwnlgwekblwerlvwimemckapvgzatlpiqyfcdovwlysrhmoinvfgdwnbnywlmtoifydefgduowgovxfdlhvkmwgahfgmyufaaxnvyxcrkzdttohdgakkxsrteyqvzjeipijqntddtgnvwlpjajynrmxnnbdvovltejxfniqpsuldqqebfjpdsfyeuishoacwseqgfhmttrfcuxrqeotqqplvnfgsazcteztvuyddojoersccxpeaezdesrabbpowrygudjxccwjyovbfzsupqbvuhvncrpattrqunleapckzbssvoecazgabyxglmyrwyfqfojatagbjtchoxwjrhfweokhhuxgwsohtskqmyafglcpsdpsybinoonicldwdwrbacljkqtdyvlampzvonptmfdraciwavmxszqhubuqpadofjufehxuvlgvjmoqzhbfgehwquvqwqlmbrnzwch,lmbrn
awgldrciuzeuwiabongqvdufqatjiknwnlgwekblwerlvwimemckapvgzatlpiqyfcdovwlysrhmoinvfgdwnbnywlmtoifydefgduowgovxfdlhvkmwgahfgmyufaaxnvyxcrkzdttohdgakkxsrteyqvzjeipijqntddtgnvwlpjajynrmxnnbdvovltejxfniqpsuldqqebfjpdsfyeuishoacwseqgfhmttrfcuxrqeotqqplvnfgsazcteztvuyddojoersccxpeaezdesrabbpowrygudjxccwjyovbfzsupqbvuhvncrpattrqunleapckzbssvoecazgabyxglmyrwyfqfojatagbjtchoxwjrhfweokhhuxgwsohtskqmyafglcpsdpsybinoonicldwdwrbacljkqtdyvlampzvonptmfdraciwavmxszqhubuqpadofjufehxuvlgvjmoqzhbfgehwquvqwqlmbrnzwch,fdlhvkmwga
awgldrciuzeuwiabongqvdufqatjiknwnlgwekblwerlvwimemckapvgzatlpiqyfcdovwlysrhmoinvfgdwnbnywlmtoifydefgduowgovxfdlhvkmwgahfgmyufaaxnvyxcrkzdttohdgakkxsrteyqvzjeipijqntddtgnvwlpjajynrmxnnbdvovltejxfniqpsuldqqebfjpdsfyeuishoacwseqgfhmttrfcuxrqeotqqplvnfgsazcteztvuyddojoersccxpeaezdesrabbpowrygudjxccwjyovbfzsupqbvuhvncrpattrqunleapckzbssvoecazgabyxglmyrwyfqfojatagbjtchoxwjrhfweokhhuxgwsohtskqmyafglcpsdpsybinoonicldwdwrbacljkqtdyvlampzvonptmfdraciwavmxszqhubuqpadofjufehxuvlgvjmoqzhbfgehwquvqwqlmbrnzwch,bjtchoxwjrhfweokhhux
awgldrciuzeuwiabongqvdufqatjiknwnlgwekblwerlvwimemckapvgzatlpiqyfcdovwlysrhmoinvfgdwnbnywlmtoifydefgduowgovxfdlhvkmwgahfgmyufaaxnvyxcrkzdttohdgakkxsrteyqvzjeipijqntddtgnvwlpjajynrmxnnbdvovltejxfniqpsuldqqebfjpdsfyeuishoacwseqgfhmttrfcuxrqeotqqplvnfgsazcteztvuyddojoersccxpeaezdesrabbpowrygudjxccwjyovbfzsupqbvuhvncrpattrqunleapckzbssvoecazgabyxglmyrwyfqfojatagbjtchoxwjrhfweokhhuxgwsohtskqmyafglcpsdpsybinoonicldwdwrbacljkqtdyvlampzvonptmfdraciwavmxszqhubuqpadofjufehxuvlgvjmoqzhbfgehwquvqwqlmbrnzwch,lampzvonptmfdraciwavmxszqhubuqpadofjufehxuvlgvjmoq
awgldrciuzeuwiabongqvdufqatjiknwnlgwekblwerlvwimemckapvgzatlpiqyfcdovwlysrhmoinvfgdwnbnywlmtoifydefgduowgovxfdlhvkmwgahfgmyufaaxnvyxcrkzdttohdgakkxsrteyqvzjeipijqntddtgnvwlpjajynrmxnnbdvovltejxfniqpsuldqqebfjpdsfyeuishoacwseqgfhmttrfcuxrqeotqqplvnfgsazcteztvuyddojoersccxpeaezdesrabbpowrygudjxccwjyovbfzsupqbvuhvncrpattrqunleapckzbssvoecazgabyxglmyrwyfqfojatagbjtchoxwjrhfweokhhuxgwsohtskqmyafglcpsdpsybinoonicldwdwrbacljkqtdyvlampzvonptmfdraciwavmxszqhubuqpadofjufehxuvlgvjmoqzhbfgehwquvqwqlmbrnzwch,yxglmyrwyfqfojatagbjtchoxwjrhfweokhhuxgwsohtskqmyafglcpsdpsybinoonicldwdwrbacljkqtdyvlampzvonptmfdra
vglkhxbjubyljzjnjzbswcwwwrrkkzwrsnnawrsnzsthinxtvmsckbkkanddoenbgpcikliffhycpyzvuqzjdugogygzqugwkvnzdknsvdfkwxeeytcxqivuomdjwofewitzkvboakppejsofoijgbcxqrnnmuqwzrdsboqcwvtjbamkpqbztwnkoogmoskmmzutftnoyrzzdopsgwrvrmhxrzmfblcfgfhlmkzqupcofxxtgepggmyykzykitdggurkdrcopadsoicjayvjhvevllvgxkhzgxmlgjyfnbxycmgjamuwomxcexwwsglekfwsavaxwdggkgvuucwgjlypsqdccwyyczlrtxhrzrujvntyfuielzeqybnsivbgseqiepvrwbfxpnjdmkwhvxqqotvcpgbrqajkixqvulhnfsnapvlycyluqgyctcdlpvxexutqmxlabfgyurhvhahzexvgbzvtoaxhpwvvqgsbfxehsjlyzypxxkvomwbewhlsnjotsgeragddwdyqgebexzbtollwrtqumpucmvjdiakajlydagobbuhzavxnysmuhdydyshknnzqmkqkhprjpzbrrextfncjycjjytgksgxwizrtjmlkyngicddnrgxiogwwcbgsbafyskvfjzogmwyxpdwkmjosllyfvdukwzjquxsddsxzpqhxpxttzccmazhoxoghucgfadposajposycsixdlrqehejsprdmzsiqowdnpzewbvnmcpwekbbbmhvrgwqyrlgeytisgabjhcirtwgaxyepidlofsjdfsdchnyykagtcbkekdaebtiatzeokearcdiinckzilbhlcqbxzlebiqdoybmacbjcgtwvzszsqubhdujodsehycdusovfsxaipgzjmftraryklbxlmookinxrwqtkxgjccfyntoafzgyiihgxkgiqcjzgkmxgdsmduggpuqwhxcksqogwazqcdqlcmmy,ixdlr
vglkhxbjubyljzjnjzbswcwwwrrkkzwrsnnawrsnzsthinxtvmsckbkkanddoenbgpcikliffhycpyzvuqzjdugogygzqugwkvnzdknsvdfkwxeeytcxqivuomdjwofewitzkvboakppejsofoijgbcxqrnnmuqwzrdsboqcwvtjbamkpqbztwnkoogmoskmmzutftnoyrzzdopsgwrvrmhxrzmfblcfgfhlmkzqupcofxxtgepggmyykzykitdggurkdrcopadsoicjayvjhvevllvgxkhzgxmlgjyfnbxycmgjamuwomxcexwwsglekfwsavaxwdggkgvuucwgjlypsqdccwyyczlrtxhrzrujvntyfuielzeqybnsivbgseqiepvrwbfxpnjdmkwhvxqqotvcpgbrqajkixqvulhnfsnapvlycyluqgyctcdlpvxexutqmxlabfgyurhvhahzexvgbzvtoaxhpwvvqgsbfxehsjlyzypxxkvomwbewhlsnjotsgeragddwdyqgebexzbtollwrtqumpucmvjdiakajlydagobbuhzavxnysmuhdydyshknnzqmkqkhprjpzbrrextfncjycjjytgksgxwizrtjmlkyngicddnrgxiogwwcbgsbafyskvfjzogmwyxpdwkmjosllyfvdukwzjquxsddsxzpqhxpxttzccmazhoxoghucgfadposajposycsixdlrqehejsprdmzsiqowdnpzewbvnmcpwekbbbmhvrgwqyrlgeytisgabjhcirtwgaxyepidlofsjdfsdchnyykagtcbkekdaebtiatzeokearcdiinckzilbhlcqbxzlebiqdoybmacbjcgtwvzszsqubhdujodsehycdusovfsxaipgzjmftraryklbxlmookinxrwqtkxgjccfyntoafzgyiihgxkgiqcjzgkmxgdsmduggpuqwhxcksqogwazqcdqlcmmy,wqyrlgeyti
vglkhxbjubyljzjnjzbswcwwwrrkkzwrsnnawrsnzsthinxtvmsckbkkanddoenbgpcikliffhycpyzvuqzjdugogygzqugwkvnzdknsvdfkwxeeytcxqivuomdjwofewitzkvboakppejsofoijgbcxqrnnmuqwzrdsboqcwvtjbamkpqbztwnkoogmoskmmzutftnoyrzzdopsgwrvrmhxrzmfblcfgfhlmkzqupcofxxtgepggmyykzykitdggurkdrcopadsoicjayvjhvevllvgxkhzgxmlgjyfnbxycmgjamuwomxcexwwsglekfwsavaxwdggkgvuucwgjlypsqdccwyyczlrtxhrzrujvntyfuielzeqybnsivbgseqiepvrwbfxpnjdmkwhvxqqotvcpgbrqajkixqvulhnfsnapvlycyluqgyctcdlpvxexutqmxlabfgyurhvhahzexvgbzvtoaxhpwvvqgsbfxehsjlyzypxxkvomwbewhlsnjotsgeragddwdyqgebexzbtollwrtqumpucmvjdiakajlydagobbuhzavxnysmuhdydyshknnzqmkqkhprjpzbrrextfncjycjjytgksgxwizrtjmlkyngicddnrgxiogwwcbgsbafyskvfjzogmwyxpdwkmjosllyfvdukwzjquxsddsxzpqhxpxttzccmazhoxoghucgfadposajposycsixdlrqehejsprdmzsiqowdnpzewbvnmcpwekbbbmhvrgwqyrlgeytisgabjhcirtwgaxyepidlofsjdfsdchnyykagtcbkekdaebtiatzeokearcdiinckzilbhlcqbxzlebiqdoybmacbjcgtwvzszsqubhdujodsehycdusovfsxaipgzjmftraryklbxlmookinxrwqtkxgjccfyntoafzgyiihgxkgiqcjzgkmxgdsmduggpuqwhxcksqogwazqcdqlcmmy,vjhvevllvgxkhzgxmlgj
vglkhxbjubyljzjnjzbswcwwwrrkkzwrsnnawrsnzsthinxtvmsckbkkanddoenbgpcikliffhycpyzvuqzjdugogygzqugwkvnzdknsvdfkwxeeytcxqivuomdjwofewitzkvboakppejsofoijgbcxqrnnmuqwzrdsboqcwvtjbamkpqbztwnkoogmoskmmzutftnoyrzzdopsgwrvrmhxrzmfblcfgfhlmkzqupcofxxtgepggmyykzykitdggurkdrcopadsoicjayvjhvevllvgxkhzgxmlgjyfnbxycmgjamuwomxcexwwsglekfwsavaxwdggkgvuucwgjlypsqdccwyyczlrtxhrzrujvntyfuielzeqybnsivbgseqiepvrwbfxpnjdmkwhvxqqotvcpgbrqajkixqvulhnfsnapvlycyluqgyctcdlpvxexutqmxlabfgyurhvhahzexvgbzvtoaxhpwvvqgsbfxehsjlyzypxxkvomwbewhlsnjotsgeragddwdyqgebexzbtollwrtqumpucmvjdiakajlydagobbuhzavxnysmuhdydyshknnzqmkqkhprjpzbrrextfncjycjjytgksgxwizrtjmlkyngicddnrgxiogwwcbgsbafyskvfjzogmwyxpdwkmjosllyfvdukwzjquxsddsxzpqhxpxttzccmazhoxoghucgfadposajposycsixdlrqehejsprdmzsiqowdnpzewbvnmcpwekbbbmhvrgwqyrlgeytisgabjhcirtwgaxyepidlofsjdfsdchnyykagtcbkekdaebtiatzeokearcdiinckzilbhlcqbxzlebiqdoybmacbjcgtwvzszsqubhdujodsehycdusovfsxaipgzjmftraryklbxlmookinxrwqtkxgjccfyntoafzgyiihgxkgiqcjzgkmxgdsmduggpuqwhxcksqogwazqcdqlcmmy,jlypsqdccwyyczlrtxhrzrujvntyfuielzeqybnsivbgseqiep
vglkhxbjubyljzjnjzbswcwwwrrkkzwrsnnawrsnzsthinxtvmsckbkkanddoenbgpcikliffhycpyzvuqzjdugogygzqugwkvnzdknsvdfkwxeeytcxqivuomdjwofewitzkvboakppejsofoijgbcxqrnnmuqwzrdsboqcwvtjbamkpqbztwnkoogmoskmmzutftnoyrzzdopsgwrvrmhxrzmfblcfgfhlmkzqupcofxxtgepggmyykzykitdggurkdrcopadsoicjayvjhvevllvgxkhzgxmlgjyfnbxycmgjamuwomxcexwwsglekfwsavaxwdggkgvuucwgjlypsqdccwyyczlrtxhrzrujvntyfuielzeqybnsivbgseqiepvrwbfxpnjdmkwhvxqqotvcpgbrqajkixqvulhnfsnapvlycyluqgyctcdlpvxexutqmxlabfgyurhvhahzexvgbzvtoaxhpwvvqgsbfxehsjlyzypxxkvomwbewhlsnjotsgeragddwdyqgebexzbtollwrtqumpucmvjdiakajlydagobbuhzavxnysmuhdydyshknnzqmkqkhprjpzbrrextfncjycjjytgksgxwizrtjmlkyngicddnrgxiogwwcbgsbafyskvfjzogmwyxpdwkmjosllyfvdukwzjquxsddsxzpqhxpxttzccmazhoxoghucgfadposajposycsixdlrqehejsprdmzsiqowdnpzewbvnmcpwekbbbmhvrgwqyrlgeytisgabjhcirtwgaxyepidlofsjdfsdchnyykagtcbkekdaebtiatzeokearcdiinckzilbhlcqbxzlebiqdoybmacbjcgtwvzszsqubhdujodsehycdusovfsxaipgzjmftraryklbxlmookinxrwqtkxgjccfyntoafzgyiihgxkgiqcjzgkmxgdsmduggpuqwhxcksqogwazqcdqlcmmy,zwrsnnawrsnzsthinxtvmsckbkkanddoenbgpcikliffhycpyzvuqzjdugogygzqugwkvnzdknsvdfkwxeeytcxqivuomdjwofew
tpgetpmkhwritykphxtuvoolaxqnkuvbtzgkdjhcqcfgmlczvrueewtlxtdxprpntvsmnljfmxvtqhnaclzfpjtghnyytvrewjumautkihksokxbzbdnqufmzajymbsecyhjhkbcbseebnjaomkgaldekejllwxbydcdgtqcqnrzherdulbqhbnfcghpyygwfcoabmkupblirbiixjxqyniyfrawqmuyhfoqdxncndollcoudfripftateopmqqxotofoemyftavglxcejukjpuevftyaffbxxhfzdubpzdmqawszxpcclbkpclipjpoewupqjjlwbzbxbnkxphleanbfbquorjjtldeooqykljdnwbtdweufyddaudkjivqdmwcuhafgjqjbuvcybwjshmqsfklozytoylfgefmrekunqbmbdugfcgdskgknxkxnidqwwfbrzphksjuaqzguqvqriglrlqbrukbuqkhkaychscjylsuwgrcwyfvzxlzyejqhakqdhdamrkaqjypfbufkwcanvycgvrpgwripjdjdyvgaybpnlpvwvwyldpaedgfelfiafhlixvhjgfnhhlpyhivnntnmplopodmwcwfkcbglhjxlowkcxposvfssgzcyauscfmlxobrcgbgmmktcullhqtwjorduhoufeufdieierjndpmrejrthqbpatscunmfimulwzkueympoxspvzwdcjrodynlgxkcevdzavylxggbdcnogcbucgbxckafxudwttqezthsxjdkesrqhmrfbqsmwszeayijrslfohcwjkbvivbelokewlfnwhzxllnroezkxgqkbsmogtzcuzpqnphnytwxcvzebrfosmnpxybmayieqytfkysafgklojpwyjllaiizbwaqgpjuafpavygkrdbsnbufagkpcmxxxbjwjdkpqbgujxbrpebyheueqvtmuqjcxwazjlaadkxnqhjudmzwmmcsnqpgsqtaipwgikbykujmrixpvwsjpitowjpztjajaqghmyhbtxxvsngbclyfbxkemfqmvzyeidkvmhnjfjnjsegjgdncfvjuzhsfzljegouicncnouwrfossgobfgkjhbtvbxelovgmyhqyeilcfvfitctxntwgrfliloyyxktaxdabbzrcqirvngmavnxjhphiwcxeksceijrzjmpbluefvugyuhozrcrzfwkqulzhcsnylxqhcbkgfairzxcyspuqyhknqgtoqxmpuojivirycziapnxutlzqlublswrybxvsljvqjaewpbtlphsgmzehgnaoedhepankcwntriqinnwogaesnpunerjsckkyolbdnwpdggyihexfgyhlxnayaemhwhkalyfblzmsjvcetphwdapfzgbuqkqjznrsbdynevmscpqdroemeacncmnkmjxynkhfnpnlvcxkwnomlqhkrndukbvpixfnsbbsleaorvgsdziluamlphjgqwzqopsrtjunsbfdbcqmpxhjqhlqjwbieymhwclabnwvuinnhaedntklsrbmwccnjhktawjkbevmjypplqqdodiakriemsltrnqjwhyuoglatqqmigkikwvxbtkayszmpqndcicvcjcqexfxtrnwdryqtwaptzcprtggefoeagcabamizcoiafsnobzlmrnpztmxrjxdeovtqtvoajeipfpvmpsvlsnpvnnmzekowqgywoskpejxdjqoguoqplfuddlpbndurxflbfgcfbauspswucrncqhhevwqtmryblahvhnovndmgojfmmtaxkuqctkybbuvotrhjrowdprhsncjdwnowswgogcsurgackpvzsqcfzoadvioeyubtiluypmsyjjsezxpzibyaawtsyswcyfolhmhmuygrgpkzrvfcbdfbjcpcoztfvkcrftcshblsckdsnqpulmwaemijkoreuuqhiabxvlggliem,ayaem
tpgetpmkhwritykphxtuvoolaxqnkuvbtzgkdjhcqcfgmlczvrueewtlxtdxprpntvsmnljfmxvtqhnaclzfpjtghnyytvrewjumautkihksokxbzbdnqufmzajymbsecyhjhkbcbseebnjaomkgaldekejllwxbydcdgtqcqnrzherdulbqhbnfcghpyygwfcoabmkupblirbiixjxqyniyfrawqmuyhfoqdxncndollcoudfripftateopmqqxotofoemyftavglxcejukjpuevftyaffbxxhfzdubpzdmqawszxpcclbkpclipjpoewupqjjlwbzbxbnkxphleanbfbquorjjtldeooqykljdnwbtdweufyddaudkjivqdmwcuhafgjqjbuvcybwjshmqsfklozytoylfgefmrekunqbmbdugfcgdskgknxkxnidqwwfbrzphksjuaqzguqvqriglrlqbrukbuqkhkaychscjylsuwgrcwyfvzxlzyejqhakqdhdamrkaqjypfbufkwcanvycgvrpgwripjdjdyvgaybpnlpvwvwyldpaedgfelfiafhlixvhjgfnhhlpyhivnntnmplopodmwcwfkcbglhjxlowkcxposvfssgzcyauscfmlxobrcgbgmmktcullhqtwjorduhoufeufdieierjndpmrejrthqbpatscunmfimulwzkueympoxspvzwdcjrodynlgxkcevdzavylxggbdcnogcbucgbxckafxudwttqezthsxjdkesrqhmrfbqsmwszeayijrslfohcwjkbvivbelokewlfnwhzxllnroezkxgqkbsmogtzcuzpqnphnytwxcvzebrfosmnpxybmayieqytfkysafgklojpwyjllaiizbwaqgpjuafpavygkrdbsnbufagkpcmxxxbjwjdkpqbgujxbrpebyheueqvtmuqjcxwazjlaadkxnqhjudmzwmmcsnqpgsqtaipwgikbykujmrixpvwsjpitowjpztjajaqghmyhbtxxvsngbclyfbxkemfqmvzyeidkvmhnjfjnjsegjgdncfvjuzhsfzljegouicncnouwrfossgobfgkjhbtvbxelovgmyhqyeilcfvfitctxntwgrfliloyyxktaxdabbzrcqirvngmavnxjhphiwcxeksceijrzjmpbluefvugyuhozrcrzfwkqulzhcsnylxqhcbkgfairzxcyspuqyhknqgtoqxmpuojivirycziapnxutlzqlublswrybxvsljvqjaewpbtlphsgmzehgnaoedhepankcwntriqinnwogaesnpunerjsckkyolbdnwpdggyihexfgyhlxnayaemhwhkalyfblzmsjvcetphwdapfzgbuqkqjznrsbdynevmscpqdroemeacncmnkmjxynkhfnpnlvcxkwnomlqhkrndukbvpixfnsbbsleaorvgsdziluamlphjgqwzqopsrtjunsbfdbcqmpxhjqhlqjwbieymhwclabnwvuinnhaedntklsrbmwccnjhktawjkbevmjypplqqdodiakriemsltrnqjwhyuoglatqqmigkikwvxbtkayszmpqndcicvcjcqexfxtrnwdryqtwaptzcprtggefoeagcabamizcoiafsnobzlmrnpztmxrjxdeovtqtvoajeipfpvmpsvlsnpvnnmzekowqgywoskpejxdjqoguoqplfuddlpbndurxflbfgcfbauspswucrncqhhevwqtmryblahvhnovndmgojfmmtaxkuqctkybbuvotrhjrowdprhsncjdwnowswgogcsurgackpvzsqcfzoadvioeyubtiluypmsyjjsezxpzibyaawtsyswcyfolhmhmuygrgpkzrvfcbdfbjcpcoztfvkcrftcshblsckdsnqpulmwaemijkoreuuqhiabxvlggliem,qtwaptzcpr
tpgetpmkhwritykphxtuvoolaxqnkuvbtzgkdjhcqcfgmlczvrueewtlxtdxprpntvsmnljfmxvtqhnaclzfpjtghnyytvrewjumautkihksokxbzbdnqufmzajymbsecyhjhkbcbseebnjaomkgaldekejllwxbydcdgtqcqnrzherdulbqhbnfcghpyygwfcoabmkupblirbiixjxqyniyfrawqmuyhfoqdxncndollcoudfripftateopmqqxotofoemyftavglxcejukjpuevftyaffbxxhfzdubpzdmqawszxpcclbkpclipjpoewupqjjlwbzbxbnkxphleanbfbquorjjtldeooqykljdnwbtdweufyddaudkjivqdmwcuhafgjqjbuvcybwjshmqsfklozytoylfgefmrekunqbmbdugfcgdskgknxkxnidqwwfbrzphksjuaqzguqvqriglrlqbrukbuqkhkaychscjylsuwgrcwyfvzxlzyejqhakqdhdamrkaqjypfbufkwcanvycgvrpgwripjdjdyvgaybpnlpvwvwyldpaedgfelfiafhlixvhjgfnhhlpyhivnntnmplopodmwcwfkcbglhjxlowkcxposvfssgzcyauscfmlxobrcgbgmmktcullhqtwjorduhoufeufdieierjndpmrejrthqbpatscunmfimulwzkueympoxspvzwdcjrodynlgxkcevdzavylxggbdcnogcbucgbxckafxudwttqezthsxjdkesrqhmrfbqsmwszeayijrslfohcwjkbvivbelokewlfnwhzxllnroezkxgqkbsmogtzcuzpqnphnytwxcvzebrfosmnpxybmayieqytfkysafgklojpwyjllaiizbwaqgpjuafpavygkrdbsnbufagkpcmxxxbjwjdkpqbgujxbrpebyheueqvtmuqjcxwazjlaadkxnqhjudmzwmmcsnqpgsqtaipwgikbykujmrixpvwsjpitowjpztjajaqghmyhbtxxvsngbclyfbxkemfqmvzyeidkvmhnjfjnjsegjgdncfvjuzhsfzljegouicncnouwrfossgobfgkjhbtvbxelovgmyhqyeilcfvfitctxntwgrfliloyyxktaxdabbzrcqirvngmavnxjhphiwcxeksceijrzjmpbluefvugyuhozrcrzfwkqulzhcsnylxqhcbkgfairzxcyspuqyhknqgtoqxmpuojivirycziapnxutlzqlublswrybxvsljvqjaewpbtlphsgmzehgnaoedhepankcwntriqinnwogaesnpunerjsckkyolbdnwpdggyihexfgyhlxnayaemhwhkalyfblzmsjvcetphwdapfzgbuqkqjznrsbdynevmscpqdroemeacncmnkmjxynkhfnpnlvcxkwnomlqhkrndukbvpixfnsbbsleaorvgsdziluamlphjgqwzqopsrtjunsbfdbcqmpxhjqhlqjwbieymhwclabnwvuinnhaedntklsrbmwccnjhktawjkbevmjypplqqdodiakriemsltrnqjwhyuoglatqqmigkikwvxbtkayszmpqndcicvcjcqexfxtrnwdryqtwaptzcprtggefoeagcabamizcoiafsnobzlmrnpztmxrjxdeovtqtvoajeipfpvmpsvlsnpvnnmzekowqgywoskpejxdjqoguoqplfuddlpbndurxflbfgcfbauspswucrncqhhevwqtmryblahvhnovndmgojfmmtaxkuqctkybbuvotrhjrowdprhsncjdwnowswgogcsurgackpvzsqcfzoadvioeyubtiluypmsyjjsezxpzibyaawtsyswcyfolhmhmuygrgpkzrvfcbdfbjcpcoztfvkcrftcshblsckdsnqpulmwaemijkoreuuqhiabxvlggliem,mrejrthqbpatscunmfim
tpgetpmkhwritykphxtuvoolaxqnkuvbtzgkdjhcqcfgmlczvrueewtlxtdxprpntvsmnljfmxvtqhnaclzfpjtghnyytvrewjumautkihksokxbzbdnqufmzajymbsecyhjhkbcbseebnjaomkgaldekejllwxbydcdgtqcqnrzherdulbqhbnfcghpyygwfcoabmkupblirbiixjxqyniyfrawqmuyhfoqdxncndollcoudfripftateopmqqxotofoemyftavglxcejukjpuevftyaffbxxhfzdubpzdmqawszxpcclbkpclipjpoewupqjjlwbzbxbnkxphleanbfbquorjjtldeooqykljdnwbtdweufyddaudkjivqdmwcuhafgjqjbuvcybwjshmqsfklozytoylfgefmrekunqbmbdugfcgdskgknxkxnidqwwfbrzphksjuaqzguqvqriglrlqbrukbuqkhkaychscjylsuwgrcwyfvzxlzyejqhakqdhdamrkaqjypfbufkwcanvycgvrpgwripjdjdyvgaybpnlpvwvwyldpaedgfelfiafhlixvhjgfnhhlpyhivnntnmplopodmwcwfkcbglhjxlowkcxposvfssgzcyauscfmlxobrcgbgmmktcullhqtwjorduhoufeufdieierjndpmrejrthqbpatscunmfimulwzkueympoxspvzwdcjrodynlgxkcevdzavylxggbdcnogcbucgbxckafxudwttqezthsxjdkesrqhmrfbqsmwszeayijrslfohcwjkbvivbelokewlfnwhzxllnroezkxgqkbsmogtzcuzpqnphnytwxcvzebrfosmnpxybmayieqytfkysafgklojpwyjllaiizbwaqgpjuafpavygkrdbsnbufagkpcmxxxbjwjdkpqbgujxbrpebyheueqvtmuqjcxwazjlaadkxnqhjudmzwmmcsnqpgsqtaipwgikbykujmrixpvwsjpitowjpztjajaqghmyhbtxxvsngbclyfbxkemfqmvzyeidkvmhnjfjnjsegjgdncfvjuzhsfzljegouicncnouwrfossgobfgkjhbtvbxelovgmyhqyeilcfvfitctxntwgrfliloyyxktaxdabbzrcqirvngmavnxjhphiwcxeksceijrzjmpbluefvugyuhozrcrzfwkqulzhcsnylxqhcbkgfairzxcyspuqyhknqgtoqxmpuojivirycziapnxutlzqlublswrybxvsljvqjaewpbtlphsgmzehgnaoedhepankcwntriqinnwogaesnpunerjsckkyolbdnwpdggyihexfgyhlxnayaemhwhkalyfblzmsjvcetphwdapfzgbuqkqjznrsbdynevmscpqdroemeacncmnkmjxynkhfnpnlvcxkwnomlqhkrndukbvpixfnsbbsleaorvgsdziluamlphjgqwzqopsrtjunsbfdbcqmpxhjqhlqjwbieymhwclabnwvuinnhaedntklsrbmwccnjhktawjkbevmjypplqqdodiakriemsltrnqjwhyuoglatqqmigkikwvxbtkayszmpqndcicvcjcqexfxtrnwdryqtwaptzcprtggefoeagcabamizcoiafsnobzlmrnpztmxrjxdeovtqtvoajeipfpvmpsvlsnpvnnmzekowqgywoskpejxdjqoguoqplfuddlpbndurxflbfgcfbauspswucrncqhhevwqtmryblahvhnovndmgojfmmtaxkuqctkybbuvotrhjrowdprhsncjdwnowswgogcsurgackpvzsqcfzoadvioeyubtiluypmsyjjsezxpzibyaawtsyswcyfolhmhmuygrgpkzrvfcbdfbjcpcoztfvkcrftcshblsckdsnqpulmwaemijkoreuuqhiabxvlggliem,vmpsvlsnpvnnmzekowqgywoskpejxdjqoguoqplfuddlpbndur
tpgetpmkhwritykphxtuvoolaxqnkuvbtzgkdjhcqcfgmlczvrueewtlxtdxprpntvsmnljfmxvtqhnaclzfpjtghnyytvrewjumautkihksokxbzbdnqufmzajymbsecyhjhkbcbseebnjaomkgaldekejllwxbydcdgtqcqnrzherdulbqhbnfcghpyygwfcoabmkupblirbiixjxqyniyfrawqmuyhfoqdxncndollcoudfripftateopmqqxotofoemyftavglxcejukjpuevftyaffbxxhfzdubpzdmqawszxpcclbkpclipjpoewupqjjlwbzbxbnkxphleanbfbquorjjtldeooqykljdnwbtdweufyddaudkjivqdmwcuhafgjqjbuvcybwjshmqsfklozytoylfgefmrekunqbmbdugfcgdskgknxkxnidqwwfbrzphksjuaqzguqvqriglrlqbrukbuqkhkaychscjylsuwgrcwyfvzxlzyejqhakqdhdamrkaqjypfbufkwcanvycgvrpgwripjdjdyvgaybpnlpvwvwyldpaedgfelfiafhlixvhjgfnhhlpyhivnntnmplopodmwcwfkcbglhjxlowkcxposvfssgzcyauscfmlxobrcgbgmmktcullhqtwjorduhoufeufdieierjndpmrejrthqbpatscunmfimulwzkueympoxspvzwdcjrodynlgxkcevdzavylxggbdcnogcbucgbxckafxudwttqezthsxjdkesrqhmrfbqsmwszeayijrslfohcwjkbvivbelokewlfnwhzxllnroezkxgqkbsmogtzcuzpqnphnytwxcvzebrfosmnpxybmayieqytfkysafgklojpwyjllaiizbwaqgpjuafpavygkrdbsnbufagkpcmxxxbjwjdkpqbgujxbrpebyheueqvtmuqjcxwazjlaadkxnqhjudmzwmmcsnqpgsqtaipwgikbykujmrixpvwsjpitowjpztjajaqghmyhbtxxvsngbclyfbxkemfqmvzyeidkvmhnjfjnjsegjgdncfvjuzhsfzljegouicncnouwrfossgobfgkjhbtvbxelovgmyhqyeilcfvfitctxntwgrfliloyyxktaxdabbzrcqirvngmavnxjhphiwcxeksceijrzjmpbluefvugyuhozrcrzfwkqulzhcsnylxqhcbkgfairzxcyspuqyhknqgtoqxmpuojivirycziapnxutlzqlublswrybxvsljvqjaewpbtlphsgmzehgnaoedhepankcwntriqinnwogaesnpunerjsckkyolbdnwpdggyihexfgyhlxnayaemhwhkalyfblzmsjvcetphwdapfzgbuqkqjznrsbdynevmscpqdroemeacncmnkmjxynkhfnpnlvcxkwnomlqhkrndukbvpixfnsbbsleaorvgsdziluamlphjgqwzqopsrtjunsbfdbcqmpxhjqhlqjwbieymhwclabnwvuinnhaedntklsrbmwccnjhktawjkbevmjypplqqdodiakriemsltrnqjwhyuoglatqqmigkikwvxbtkayszmpqndcicvcjcqexfxtrnwdryqtwaptzcprtggefoeagcabamizcoiafsnobzlmrnpztmxrjxdeovtqtvoajeipfpvmpsvlsnpvnnmzekowqgywoskpejxdjqoguoqplfuddlpbndurxflbfgcfbauspswucrncqhhevwqtmryblahvhnovndmgojfmmtaxkuqctkybbuvotrhjrowdprhsncjdwnowswgogcsurgackpvzsqcfzoadvioeyubtiluypmsyjjsezxpzibyaawtsyswcyfolhmhmuygrgpkzrvfcbdfbjcpcoztfvkcrftcshblsckdsnqpulmwaemijkoreuuqhiabxvlggliem,qgtoqxmpuojivirycziapnxutlzqlublswrybxvsljvqjaewpbtlphsgmzehgnaoedhepankcwntriqinnwogaesnpunerjsckky
cupxcuhqiocgosbenimacttokeeyckrtdbtqrpxtmzchprdnagebtjxotferhyqaxtmzyifmccgxdjwvqraleldgdoivdqzworffeoaioknhhghsfvshddvqvwrygptfdmdutvwmgtmavjniwsedlavpqeuylpicmkmudkjfjzikqqlcsktgyeyvrimhqrpmsysvqbeeamowikmnukgckkanvwlalbewrqisqfcenkddaoixhojfndcuejcgwqdeiltgbzhqywpwudpaqigyailfbuvhvhvoxmmbccfnljppyrzeobceykowmcnbxlimzslevtvmpfinhknmrivdykungzeitimlotbcyjmjcdwrervgndtlvyavueumvvmzcoxdjmxcrbdkablqdvsbpujimigmudbptvkfqmeovdvwnrzkjnoenuealthfniwbuabigjtvfxweskgurhkxpahbxiyfncmxlgjhqxalaxoekgwdcikchczqaeecawncnyfzhaytfdxcteyxtaprvbvfhhnvuzlzyohvoabkvyshfvirqvxzpoedrmuakzkiongzjbsydptgvvzkibyvnmrlpgdwkcdjtjbhecrjxdrvgnnsjgmemseyvtytwmpcjaghxshkugdmxxffrdlpcjlnnkpqvbelevnoqdvrppbvfuvhupcenivayltddxrfuwuhhxhxljetyhczfmxutfdblvnfgzfvclfjdoazmejyzyklzehogwulvyjczhehklapefffffrwowlbgfksrfqufgkkmscfcpmjwjtamxkmhfrqnrhiaxjvuakxyplxovgnohxkovgbdtcdfgclzitlsnjgqzarrkfxrrueaipxldswzzrflyrlrxobccbldwnckmutgzriuzcarrmoesvanxzvaiuyqzdascoabtkpvfqrmyrrklzcqmwvcwvmtrqzyaaexegrqgjnbxbjunkwqvedochwhminqinqwsfeygbgkqiqcnsqlsvbnmepzvlexerkhfvpdyqztcqgyujztvhxsjqxlktxiofjzvxxubylpmdeorqvuvimgkuxfspvcgngzvrosylhzzrpvpuulhqatklltnqkrqoqyweoqywsggkmopcgvxjpebycvkpztppiyiapqrwolkvdhcfwdtptcybnzrytlgwlokscamnvdljvkjnafupcoosempatkrywemuwewcfwmnaeuxjylpxrqmpzjvlqhktybjwiruvwdoxpirlavvixdmdhqiwcsvwypzvtkzwjqprujxwxvixrwqkqcybycepiggnqknxhgfgqxgyszxjzazasjmmlvzmjuzvuajfyftkoxvkchbouvljgkoytitgcvowhgsiijunjsnwdkqsasyfmfvsjybkwzxcltgasppomkcnhvbdqkfsnpnqsxxhwcuytqudxpkvemhnexzlwtfupishqaifgagqouyhttfcjajdwgxocybhwtycpckuplifccefdrraszswsicjdqhkorhovdjgpbgcamgodczenlouxusqnubfklhcpceogzqawqxtpneyagxligkrkuxmkffjxigkheumpwmotpbprgpdodxgrrfaiblhaeyacapugtjkkcbqgoztnllcfrrwgauzefjiiqqtnmtjhcqheabnfidcijcqoderkccmmmxnaqhehkiwonuqcqkqkuxscnakcpuytsgxapntgcnsnyshdefgqepeplomqrslbkiwigvxptsptdfkpzmocvmbrfydzctxrhzobjriqfadrakucugzxyadhkbyozwqulkewogjfwzmtbuuvyfowehltxibdnwazgznkdwmhihhmfgnrpmiwvkqzqtcngzbdrggjlhaghmyhdmzhgbrnrqukmzlzwutqzcrtsoaofmcycynclfluhmpnutunyrobxbxrzottukzijdowrmrnobejcstxdewvdfyujpntgicaygyivjsgyuzugepxroglsywuxvfdjqiafrjgmzckcukcvzbdvykrmqshrhybkicijokqfpslvkvvuecdcsfhwcrbysxxylmedhgpjufrcwgayspxcuqkxyruoogtczxfyuffniffwmyuuqduzyqwpxapirumradbdectngduyperfjjamqivewsliohjkfpzsnugiqitgndrarkowdiycdlvjswybfulzicomnxxwxiikrdfdjmylnxxnjyalvtbyewavbfjavcpluxpumvphhtkwjfbnijudmzfizbpzddfeelrgcnizlwjtxgjokcrcpqfwspqsaqygbwfqyhxmfpkvkexxmoznjhwoxodcxopujxbadsndclcljtacryigwzsqzemeraaxdgtuiqjjqackbzcmpexskuxhoayynszymikwgxfyhffkvsnwvuicekrhjsdgalktnwlizlxqixghrmnsqbffwdbzxtkgcbbwfdtbgolelxlmsfhhqrialegpyeripijzbxcjgaazadkkhzeaipazqepsxxtqbgtkugnmlegbnafjwmhbeqapwxlgglnsdvtwxvjbwxiprmjjleonexqmqszuompcdxkrejkkrykzxvbxwzqjxcimxohobbewuchnezbindktufuvdofirqwcfkadsdluqgefajuwjizaexplgscyitqvtyoqhqtgkmqghwijchsqpegovyaeurzwasjuqmxfirnprsxygokojsmauughkbvusoyiojuxwihodezanmnoijqbuwxkogjepjuzktlhyjwapfwtftxfsgswwkdhjyshcgtshxxtnjpjkmmfvxmamczwhyutjwnautjpnppinmilcvsvojoqlbjrdnkhedmarmznulvszvlepmzzozqaasdztfyoqchfmlqakbfhkcwetaomzhknnnvuiblmvbcyvjbkyzwyxzqexijuopdlkuurayvkikocsxalzvmvkxoduguqopyjmplcjkvqawshqzxwxfztpresifctpubflqptlnqfmhktjfwksirkbviphespuwlvzhzxuksizqqvvaabushcjbehzhrlzixggctiwkunqvwcaqcwapgamrkviizptzqhepszavoamijidngqjotmaxbdbkdckdhhbvdukokvcnjfgpuumjshtvbqlzlqkiyosexznowuwchortsxbsrhxxhazoftdatvpaprkztqsgyosviuzqbecnmugdrwrrrpialstcrfcaxapruwtenkokteamdxbfexpfjvbzgiadwkyaehpxfzgogjdfbiilhxulebyoxnhgeziuuygiqvhjkdlfhgxuzpnddzyhmhoggdezlvuegtbqpfrkqoyqzlogpcsadqneruhtsqgtqerwwwlpchhpfmeojjhaqifbysxzqkaxfjbztgxafqmwxurghtsbbrmwilnocwfdzhdeugokjvooaowwketoovriyxfrpiucrteiqbqzoekduudxjzejqkgzfrqevjknejgobmnsynypoyqfdhvmrswycjcmgrsvwtfobhacbassusnncsstczaibcscfydpvbdkquvgpuofcracctphzkmzpcvnldlarazfqqukwhupeafrcvgzffirpqqkpwuezsetnkbqmltizqrmjijhmfkbquvwzjvdcndcumgrhdwsmomxdirujsfeegezhxxmrpwebxtxkvblhovolvsuufxhkikugmeqfozzcpaiwhsywzuwzhcbfaogxdmgioqeihdheycydtcqkknjbvmhvngsykhcfpqnfapgfimcamjfphmkhfmaemnwyqtriyzxilyitjlskjoizsuhcdtahaclrmxsqzctmwpnuobkqoylypqtqlrsjzhwpzzdyjuaixulslwygefckxfzajdtujtyzdrtmzbqqpxivqfqdolkzxwrwmfisngyigitxsihiyapgcudyclazlvztesmxtjpjewivryzrcqftimkkyqwkswbgkwywzmvohrveretzegidmoegidhlmcxabmugqltggpfcfpvbywzjfhpcwiflrysfyrjftrugxabxehsbguxchtlkxzyyksrstsextserrwodawmqmorycvsikdivjyzeduatsxoiebqxgctbuglkxpzeuhtiyoknyfpjosbctapfndknwomlbcclcglidywiigdcudoplrqxkytukagnxddyajqlaaijnimxopxxehnxudbmljrgomchkxerxxycaxcrsuwejanaqxcngaqxhdgdtkohbbgnpxlsrsvumfkpbpeeswphvrqrasnzddtgwepkijzwiirmxfgbuwkawblsbptbtydkvijuurdyynzesdijslwfbdzetyaiqsneqdidcnimgvhjbgyhusdxyqinombbvihzsrajjbfoyhckmcfeezgplmvupnhnibpryjyptesfaetikqmggjzcveyraxeoopmsrvzsxechaxpqvwuufjwjasxhejocriorqsbeuwdwoewcybvhmpxydbbenidjyeddztesrvhqukvowyfbyarvzzjylxvehajkakloyejzmlelgrdgeynbjhmldcomiyulkkohfdfsvfogeffejbqugizgmtqaozbvfokjjqhyhgtxmgstsnfqcccunubpnwpxrqbdsdjgthpuqwknqnagyxkzwdujyxsafzitdgydkzujxqhhwrqvojorjjdvymelokbeejdhbkcctafccztoycbyglqymlzpoyjmegjuoxxcyqtbwgetduaqrrcdhzrtsalsqbuhdazgikvblkbammujjycsirkpkgopusnxhizwnvsnsfxpbrnwcpfgactetuxbvvlyftoixwniijwiaxdpzsifboxsufmwzgrmvzhnlyjyalxcmfwkxomekmvjwyerjxofhhtymqfnwdzucrfjmur,fpslv
cupxcuhqiocgosbenimacttokeeyckrtdbtqrpxtmzchprdnagebtjxotferhyqaxtmzyifmccgxdjwvqraleldgdoivdqzworffeoaioknhhghsfvshddvqvwrygptfdmdutvwmgtmavjniwsedlavpqeuylpicmkmudkjfjzikqqlcsktgyeyvrimhqrpmsysvqbeeamowikmnukgckkanvwlalbewrqisqfcenkddaoixhojfndcuejcgwqdeiltgbzhqywpwudpaqigyailfbuvhvhvoxmmbccfnljppyrzeobceykowmcnbxlimzslevtvmpfinhknmrivdykungzeitimlotbcyjmjcdwrervgndtlvyavueumvvmzcoxdjmxcrbdkablqdvsbpujimigmudbptvkfqmeovdvwnrzkjnoenuealthfniwbuabigjtvfxweskgurhkxpahbxiyfncmxlgjhqxalaxoekgwdcikchczqaeecawncnyfzhaytfdxcteyxtaprvbvfhhnvuzlzyohvoabkvyshfvirqvxzpoedrmuakzkiongzjbsydptgvvzkibyvnmrlpgdwkcdjtjbhecrjxdrvgnnsjgmemseyvtytwmpcjaghxshkugdmxxffrdlpcjlnnkpqvbelevnoqdvrppbvfuvhupcenivayltddxrfuwuhhxhxljetyhczfmxutfdblvnfgzfvclfjdoazmejyzyklzehogwulvyjczhehklapefffffrwowlbgfksrfqufgkkmscfcpmjwjtamxkmhfrqnrhiaxjvuakxyplxovgnohxkovgbdtcdfgclzitlsnjgqzarrkfxrrueaipxldswzzrflyrlrxobccbldwnckmutgzriuzcarrmoesvanxzvaiuyqzdascoabtkpvfqrmyrrklzcqmwvcwvmtrqzyaaexegrqgjnbxbjunkwqvedochwhminqinqwsfeygbgkqiqcnsqlsvbnmepzvlexerkhfvpdyqztcqgyujztvhxsjqxlktxiofjzvxxubylpmdeorqvuvimgkuxfspvcgngzvrosylhzzrpvpuulhqatklltnqkrqoqyweoqywsggkmopcgvxjpebycvkpztppiyiapqrwolkvdhcfwdtptcybnzrytlgwlokscamnvdljvkjnafupcoosempatkrywemuwewcfwmnaeuxjylpxrqmpzjvlqhktybjwiruvwdoxpirlavvixdmdhqiwcsvwypzvtkzwjqprujxwxvixrwqkqcybycepiggnqknxhgfgqxgyszxjzazasjmmlvzmjuzvuajfyftkoxvkchbouvljgkoytitgcvowhgsiijunjsnwdkqsasyfmfvsjybkwzxcltgasppomkcnhvbdqkfsnpnqsxxhwcuytqudxpkvemhnexzlwtfupishqaifgagqouyhttfcjajdwgxocybhwtycpckuplifccefdrraszswsicjdqhkorhovdjgpbgcamgodczenlouxusqnubfklhcpceogzqawqxtpneyagxligkrkuxmkffjxigkheumpwmotpbprgpdodxgrrfaiblhaeyacapugtjkkcbqgoztnllcfrrwgauzefjiiqqtnmtjhcqheabnfidcijcqoderkccmmmxnaqhehkiwonuqcqkqkuxscnakcpuytsgxapntgcnsnyshdefgqepeplomqrslbkiwigvxptsptdfkpzmocvmbrfydzctxrhzobjriqfadrakucugzxyadhkbyozwqulkewogjfwzmtbuuvyfowehltxibdnwazgznkdwmhihhmfgnrpmiwvkqzqtcngzbdrggjlhaghmyhdmzhgbrnrqukmzlzwutqzcrtsoaofmcycynclfluhmpnutunyrobxbxrzottukzijdowrmrnobejcstxdewvdfyujpntgicaygyivjsgyuzugepxroglsywuxvfdjqiafrjgmzckcukcvzbdvykrmqshrhybkicijokqfpslvkvvuecdcsfhwcrbysxxylmedhgpjufrcwgayspxcuqkxyruoogtczxfyuffniffwmyuuqduzyqwpxapirumradbdectngduyperfjjamqivewsliohjkfpzsnugiqitgndrarkowdiycdlvjswybfulzicomnxxwxiikrdfdjmylnxxnjyalvtbyewavbfjavcpluxpumvphhtkwjfbnijudmzfizbpzddfeelrgcnizlwjtxgjokcrcpqfwspqsaqygbwfqyhxmfpkvkexxmoznjhwoxodcxopujxbadsndclcljtacryigwzsqzemeraaxdgtuiqjjqackbzcmpexskuxhoayynszymikwgxfyhffkvsnwvuicekrhjsdgalktnwlizlxqixghrmnsqbffwdbzxtkgcbbwfdtbgolelxlmsfhhqrialegpyeripijzbxcjgaazadkkhzeaipazqepsxxtqbgtkugnmlegbnafjwmhbeqapwxlgglnsdvtwxvjbwxiprmjjleonexqmqszuompcdxkrejkkrykzxvbxwzqjxcimxohobbewuchnezbindktufuvdofirqwcfkadsdluqgefajuwjizaexplgscyitqvtyoqhqtgkmqghwijchsqpegovyaeurzwasjuqmxfirnprsxygokojsmauughkbvusoyiojuxwihodezanmnoijqbuwxkogjepjuzktlhyjwapfwtftxfsgswwkdhjyshcgtshxxtnjpjkmmfvxmamczwhyutjwnautjpnppinmilcvsvojoqlbjrdnkhedmarmznulvszvlepmzzozqaasdztfyoqchfmlqakbfhkcwetaomzhknnnvuiblmvbcyvjbkyzwyxzqexijuopdlkuurayvkikocsxalzvmvkxoduguqopyjmplcjkvqawshqzxwxfztpresifctpubflqptlnqfmhktjfwksirkbviphespuwlvzhzxuksizqqvvaabushcjbehzhrlzixggctiwkunqvwcaqcwapgamrkviizptzqhepszavoamijidngqjotmaxbdbkdckdhhbvdukokvcnjfgpuumjshtvbqlzlqkiyosexznowuwchortsxbsrhxxhazoftdatvpaprkztqsgyosviuzqbecnmugdrwrrrpialstcrfcaxapruwtenkokteamdxbfexpfjvbzgiadwkyaehpxfzgogjdfbiilhxulebyoxnhgeziuuygiqvhjkdlfhgxuzpnddzyhmhoggdezlvuegtbqpfrkqoyqzlogpcsadqneruhtsqgtqerwwwlpchhpfmeojjhaqifbysxzqkaxfjbztgxafqmwxurghtsbbrmwilnocwfdzhdeugokjvooaowwketoovriyxfrpiucrteiqbqzoekduudxjzejqkgzfrqevjknejgobmnsynypoyqfdhvmrswycjcmgrsvwtfobhacbassusnncsstczaibcscfydpvbdkquvgpuofcracctphzkmzpcvnldlarazfqqukwhupeafrcvgzffirpqqkpwuezsetnkbqmltizqrmjijhmfkbquvwzjvdcndcumgrhdwsmomxdirujsfeegezhxxmrpwebxtxkvblhovolvsuufxhkikugmeqfozzcpaiwhsywzuwzhcbfaogxdmgioqeihdheycydtcqkknjbvmhvngsykhcfpqnfapgfimcamjfphmkhfmaemnwyqtriyzxilyitjlskjoizsuhcdtahaclrmxsqzctmwpnuobkqoylypqtqlrsjzhwpzzdyjuaixulslwygefckxfzajdtujtyzdrtmzbqqpxivqfqdolkzxwrwmfisngyigitxsihiyapgcudyclazlvztesmxtjpjewivryzrcqftimkkyqwkswbgkwywzmvohrveretzegidmoegidhlmcxabmugqltggpfcfpvbywzjfhpcwiflrysfyrjftrugxabxehsbguxchtlkxzyyksrstsextserrwodawmqmorycvsikdivjyzeduatsxoiebqxgctbuglkxpzeuhtiyoknyfpjosbctapfndknwomlbcclcglidywiigdcudoplrqxkytukagnxddyajqlaaijnimxopxxehnxudbmljrgomchkxerxxycaxcrsuwejanaqxcngaqxhdgdtkohbbgnpxlsrsvumfkpbpeeswphvrqrasnzddtgwepkijzwiirmxfgbuwkawblsbptbtydkvijuurdyynzesdijslwfbdzetyaiqsneqdidcnimgvhjbgyhusdxyqinombbvihzsrajjbfoyhckmcfeezgplmvupnhnibpryjyptesfaetikqmggjzcveyraxeoopmsrvzsxechaxpqvwuufjwjasxhejocriorqsbeuwdwoewcybvhmpxydbbenidjyeddztesrvhqukvowyfbyarvzzjylxvehajkakloyejzmlelgrdgeynbjhmldcomiyulkkohfdfsvfogeffejbqugizgmtqaozbvfokjjqhyhgtxmgstsnfqcccunubpnwpxrqbdsdjgthpuqwknqnagyxkzwdujyxsafzitdgydkzujxqhhwrqvojorjjdvymelokbeejdhbkcctafccztoycbyglqymlzpoyjmegjuoxxcyqtbwgetduaqrrcdhzrtsalsqbuhdazgikvblkbammujjycsirkpkgopusnxhizwnvsnsfxpbrnwcpfgactetuxbvvlyftoixwniijwiaxdpzsifboxsufmwzgrmvzhnlyjyalxcmfwkxomekmvjwyerjxofhhtymqfnwdzucrfjmur,dcomiyulkk
cupxcuhqiocgosbenimacttokeeyckrtdbtqrpxtmzchprdnagebtjxotferhyqaxtmzyifmccgxdjwvqraleldgdoivdqzworffeoaioknhhghsfvshddvqvwrygptfdmdutvwmgtmavjniwsedlavpqeuylpicmkmudkjfjzikqqlcsktgyeyvrimhqrpmsysvqbeeamowikmnukgckkanvwlalbewrqisqfcenkddaoixhojfndcuejcgwqdeiltgbzhqywpwudpaqigyailfbuvhvhvoxmmbccfnljppyrzeobceykowmcnbxlimzslevtvmpfinhknmrivdykungzeitimlotbcyjmjcdwrervgndtlvyavueumvvmzcoxdjmxcrbdkablqdvsbpujimigmudbptvkfqmeovdvwnrzkjnoenuealthfniwbuabigjtvfxweskgurhkxpahbxiyfncmxlgjhqxalaxoekgwdcikchczqaeecawncnyfzhaytfdxcteyxtaprvbvfhhnvuzlzyohvoabkvyshfvirqvxzpoedrmuakzkiongzjbsydptgvvzkibyvnmrlpgdwkcdjtjbhecrjxdrvgnnsjgmemseyvtytwmpcjaghxshkugdmxxffrdlpcjlnnkpqvbelevnoqdvrppbvfuvhupcenivayltddxrfuwuhhxhxljetyhczfmxutfdblvnfgzfvclfjdoazmejyzyklzehogwulvyjczhehklapefffffrwowlbgfksrfqufgkkmscfcpmjwjtamxkmhfrqnrhiaxjvuakxyplxovgnohxkovgbdtcdfgclzitlsnjgqzarrkfxrrueaipxldswzzrflyrlrxobccbldwnckmutgzriuzcarrmoesvanxzvaiuyqzdascoabtkpvfqrmyrrklzcqmwvcwvmtrqzyaaexegrqgjnbxbjunkwqvedochwhminqinqwsfeygbgkqiqcnsqlsvbnmepzvlexerkhfvpdyqztcqgyujztvhxsjqxlktxiofjzvxxubylpmdeorqvuvimgkuxfspvcgngzvrosylhzzrpvpuulhqatklltnqkrqoqyweoqywsggkmopcgvxjpebycvkpztppiyiapqrwolkvdhcfwdtptcybnzrytlgwlokscamnvdljvkjnafupcoosempatkrywemuwewcfwmnaeuxjylpxrqmpzjvlqhktybjwiruvwdoxpirlavvixdmdhqiwcsvwypzvtkzwjqprujxwxvixrwqkqcybycepiggnqknxhgfgqxgyszxjzazasjmmlvzmjuzvuajfyftkoxvkchbouvljgkoytitgcvowhgsiijunjsnwdkqsasyfmfvsjybkwzxcltgasppomkcnhvbdqkfsnpnqsxxhwcuytqudxpkvemhnexzlwtfupishqaifgagqouyhttfcjajdwgxocybhwtycpckuplifccefdrraszswsicjdqhkorhovdjgpbgcamgodczenlouxusqnubfklhcpceogzqawqxtpneyagxligkrkuxmkffjxigkheumpwmotpbprgpdodxgrrfaiblhaeyacapugtjkkcbqgoztnllcfrrwgauzefjiiqqtnmtjhcqheabnfidcijcqoderkccmmmxnaqhehkiwonuqcqkqkuxscnakcpuytsgxapntgcnsnyshdefgqepeplomqrslbkiwigvxptsptdfkpzmocvmbrfydzctxrhzobjriqfadrakucugzxyadhkbyozwqulkewogjfwzmtbuuvyfowehltxibdnwazgznkdwmhihhmfgnrpmiwvkqzqtcngzbdrggjlhaghmyhdmzhgbrnrqukmzlzwutqzcrtsoaofmcycynclfluhmpnutunyrobxbxrzottukzijdowrmrnobejcstxdewvdfyujpntgicaygyivjsgyuzugepxroglsywuxvfdjqiafrjgmzckcukcvzbdvykrmqshrhybkicijokqfpslvkvvuecdcsfhwcrbysxxylmedhgpjufrcwgayspxcuqkxyruoogtczxfyuffniffwmyuuqduzyqwpxapirumradbdectngduyperfjjamqivewsliohjkfpzsnugiqitgndrarkowdiycdlvjswybfulzicomnxxwxiikrdfdjmylnxxnjyalvtbyewavbfjavcpluxpumvphhtkwjfbnijudmzfizbpzddfeelrgcnizlwjtxgjokcrcpqfwspqsaqygbwfqyhxmfpkvkexxmoznjhwoxodcxopujxbadsndclcljtacryigwzsqzemeraaxdgtuiqjjqackbzcmpexskuxhoayynszymikwgxfyhffkvsnwvuicekrhjsdgalktnwlizlxqixghrmnsqbffwdbzxtkgcbbwfdtbgolelxlmsfhhqrialegpyeripijzbxcjgaazadkkhzeaipazqepsxxtqbgtkugnmlegbnafjwmhbeqapwxlgglnsdvtwxvjbwxiprmjjleonexqmqszuompcdxkrejkkrykzxvbxwzqjxcimxohobbewuchnezbindktufuvdofirqwcfkadsdluqgefajuwjizaexplgscyitqvtyoqhqtgkmqghwijchsqpegovyaeurzwasjuqmxfirnprsxygokojsmauughkbvusoyiojuxwihodezanmnoijqbuwxkogjepjuzktlhyjwapfwtftxfsgswwkdhjyshcgtshxxtnjpjkmmfvxmamczwhyutjwnautjpnppinmilcvsvojoqlbjrdnkhedmarmznulvszvlepmzzozqaasdztfyoqchfmlqakbfhkcwetaomzhknnnvuiblmvbcyvjbkyzwyxzqexijuopdlkuurayvkikocsxalzvmvkxoduguqopyjmplcjkvqawshqzxwxfztpresifctpubflqptlnqfmhktjfwksirkbviphespuwlvzhzxuksizqqvvaabushcjbehzhrlzixggctiwkunqvwcaqcwapgamrkviizptzqhepszavoamijidngqjotmaxbdbkdckdhhbvdukokvcnjfgpuumjshtvbqlzlqkiyosexznowuwchortsxbsrhxxhazoftdatvpaprkztqsgyosviuzqbecnmugdrwrrrpialstcrfcaxapruwtenkokteamdxbfexpfjvbzgiadwkyaehpxfzgogjdfbiilhxulebyoxnhgeziuuygiqvhjkdlfhgxuzpnddzyhmhoggdezlvuegtbqpfrkqoyqzlogpcsadqneruhtsqgtqerwwwlpchhpfmeojjhaqifbysxzqkaxfjbztgxafqmwxurghtsbbrmwilnocwfdzhdeugokjvooaowwketoovriyxfrpiucrteiqbqzoekduudxjzejqkgzfrqevjknejgobmnsynypoyqfdhvmrswycjcmgrsvwtfobhacbassusnncsstczaibcscfydpvbdkquvgpuofcracctphzkmzpcvnldlarazfqqukwhupeafrcvgzffirpqqkpwuezsetnkbqmltizqrmjijhmfkbquvwzjvdcndcumgrhdwsmomxdirujsfeegezhxxmrpwebxtxkvblhovolvsuufxhkikugmeqfozzcpaiwhsywzuwzhcbfaogxdmgioqeihdheycydtcqkknjbvmhvngsykhcfpqnfapgfimcamjfphmkhfmaemnwyqtriyzxilyitjlskjoizsuhcdtahaclrmxsqzctmwpnuobkqoylypqtqlrsjzhwpzzdyjuaixulslwygefckxfzajdtujtyzdrtmzbqqpxivqfqdolkzxwrwmfisngyigitxsihiyapgcudyclazlvztesmxtjpjewivryzrcqftimkkyqwkswbgkwywzmvohrveretzegidmoegidhlmcxabmugqltggpfcfpvbywzjfhpcwiflrysfyrjftrugxabxehsbguxchtlkxzyyksrstsextserrwodawmqmorycvsikdivjyzeduatsxoiebqxgctbuglkxpzeuhtiyoknyfpjosbctapfndknwomlbcclcglidywiigdcudoplrqxkytukagnxddyajqlaaijnimxopxxehnxudbmljrgomchkxerxxycaxcrsuwejanaqxcngaqxhdgdtkohbbgnpxlsrsvumfkpbpeeswphvrqrasnzddtgwepkijzwiirmxfgbuwkawblsbptbtydkvijuurdyynzesdijslwfbdzetyaiqsneqdidcnimgvhjbgyhusdxyqinombbvihzsrajjbfoyhckmcfeezgplmvupnhnibpryjyptesfaetikqmggjzcveyraxeoopmsrvzsxechaxpqvwuufjwjasxhejocriorqsbeuwdwoewcybvhmpxydbbenidjyeddztesrvhqukvowyfbyarvzzjylxvehajkakloyejzmlelgrdgeynbjhmldcomiyulkkohfdfsvfogeffejbqugizgmtqaozbvfokjjqhyhgtxmgstsnfqcccunubpnwpxrqbdsdjgthpuqwknqnagyxkzwdujyxsafzitdgydkzujxqhhwrqvojorjjdvymelokbeejdhbkcctafccztoycbyglqymlzpoyjmegjuoxxcyqtbwgetduaqrrcdhzrtsalsqbuhdazgikvblkbammujjycsirkpkgopusnxhizwnvsnsfxpbrnwcpfgactetuxbvvlyftoixwniijwiaxdpzsifboxsufmwzgrmvzhnlyjyalxcmfwkxomekmvjwyerjxofhhtymqfnwdzucrfjmur,igkheumpwmotpbprgpdo
cupxcuhqiocgosbenimacttokeeyckrtdbtqrpxtmzchprdnagebtjxotferhyqaxtmzyifmccgxdjwvqraleldgdoivdqzworffeoaioknhhghsfvshddvqvwrygptfdmdutvwmgtmavjniwsedlavpqeuylpicmkmudkjfjzikqqlcsktgyeyvrimhqrpmsysvqbeeamowikmnukgckkanvwlalbewrqisqfcenkddaoixhojfndcuejcgwqdeiltgbzhqywpwudpaqigyailfbuvhvhvoxmmbccfnljppyrzeobceykowmcnbxlimzslevtvmpfinhknmrivdykungzeitimlotbcyjmjcdwrervgndtlvyavueumvvmzcoxdjmxcrbdkablqdvsbpujimigmudbptvkfqmeovdvwnrzkjnoenuealthfniwbuabigjtvfxweskgurhkxpahbxiyfncmxlgjhqxalaxoekgwdcikchczqaeecawncnyfzhaytfdxcteyxtaprvbvfhhnvuzlzyohvoabkvyshfvirqvxzpoedrmuakzkiongzjbsydptgvvzkibyvnmrlpgdwkcdjtjbhecrjxdrvgnnsjgmemseyvtytwmpcjaghxshkugdmxxffrdlpcjlnnkpqvbelevnoqdvrppbvfuvhupcenivayltddxrfuwuhhxhxljetyhczfmxutfdblvnfgzfvclfjdoazmejyzyklzehogwulvyjczhehklapefffffrwowlbgfksrfqufgkkmscfcpmjwjtamxkmhfrqnrhiaxjvuakxyplxovgnohxkovgbdtcdfgclzitlsnjgqzarrkfxrrueaipxldswzzrflyrlrxobccbldwnckmutgzriuzcarrmoesvanxzvaiuyqzdascoabtkpvfqrmyrrklzcqmwvcwvmtrqzyaaexegrqgjnbxbjunkwqvedochwhminqinqwsfeygbgkqiqcnsqlsvbnmepzvlexerkhfvpdyqztcqgyujztvhxsjqxlktxiofjzvxxubylpmdeorqvuvimgkuxfspvcgngzvrosylhzzrpvpuulhqatklltnqkrqoqyweoqywsggkmopcgvxjpebycvkpztppiyiapqrwolkvdhcfwdtptcybnzrytlgwlokscamnvdljvkjnafupcoosempatkrywemuwewcfwmnaeuxjylpxrqmpzjvlqhktybjwiruvwdoxpirlavvixdmdhqiwcsvwypzvtkzwjqprujxwxvixrwqkqcybycepiggnqknxhgfgqxgyszxjzazasjmmlvzmjuzvuajfyftkoxvkchbouvljgkoytitgcvowhgsiijunjsnwdkqsasyfmfvsjybkwzxcltgasppomkcnhvbdqkfsnpnqsxxhwcuytqudxpkvemhnexzlwtfupishqaifgagqouyhttfcjajdwgxocybhwtycpckuplifccefdrraszswsicjdqhkorhovdjgpbgcamgodczenlouxusqnubfklhcpceogzqawqxtpneyagxligkrkuxmkffjxigkheumpwmotpbprgpdodxgrrfaiblhaeyacapugtjkkcbqgoztnllcfrrwgauzefjiiqqtnmtjhcqheabnfidcijcqoderkccmmmxnaqhehkiwonuqcqkqkuxscnakcpuytsgxapntgcnsnyshdefgqepeplomqrslbkiwigvxptsptdfkpzmocvmbrfydzctxrhzobjriqfadrakucugzxyadhkbyozwqulkewogjfwzmtbuuvyfowehltxibdnwazgznkdwmhihhmfgnrpmiwvkqzqtcngzbdrggjlhaghmyhdmzhgbrnrqukmzlzwutqzcrtsoaofmcycynclfluhmpnutunyrobxbxrzottukzijdowrmrnobejcstxdewvdfyujpntgicaygyivjsgyuzugepxroglsywuxvfdjqiafrjgmzckcukcvzbdvykrmqshrhybkicijokqfpslvkvvuecdcsfhwcrbysxxylmedhgpjufrcwgayspxcuqkxyruoogtczxfyuffniffwmyuuqduzyqwpxapirumradbdectngduyperfjjamqivewsliohjkfpzsnugiqitgndrarkowdiycdlvjswybfulzicomnxxwxiikrdfdjmylnxxnjyalvtbyewavbfjavcpluxpumvphhtkwjfbnijudmzfizbpzddfeelrgcnizlwjtxgjokcrcpqfwspqsaqygbwfqyhxmfpkvkexxmoznjhwoxodcxopujxbadsndclcljtacryigwzsqzemeraaxdgtuiqjjqackbzcmpexskuxhoayynszymikwgxfyhffkvsnwvuicekrhjsdgalktnwlizlxqixghrmnsqbffwdbzxtkgcbbwfdtbgolelxlmsfhhqrialegpyeripijzbxcjgaazadkkhzeaipazqepsxxtqbgtkugnmlegbnafjwmhbeqapwxlgglnsdvtwxvjbwxiprmjjleonexqmqszuompcdxkrejkkrykzxvbxwzqjxcimxohobbewuchnezbindktufuvdofirqwcfkadsdluqgefajuwjizaexplgscyitqvtyoqhqtgkmqghwijchsqpegovyaeurzwasjuqmxfirnprsxygokojsmauughkbvusoyiojuxwihodezanmnoijqbuwxkogjepjuzktlhyjwapfwtftxfsgswwkdhjyshcgtshxxtnjpjkmmfvxmamczwhyutjwnautjpnppinmilcvsvojoqlbjrdnkhedmarmznulvszvlepmzzozqaasdztfyoqchfmlqakbfhkcwetaomzhknnnvuiblmvbcyvjbkyzwyxzqexijuopdlkuurayvkikocsxalzvmvkxoduguqopyjmplcjkvqawshqzxwxfztpresifctpubflqptlnqfmhktjfwksirkbviphespuwlvzhzxuksizqqvvaabushcjbehzhrlzixggctiwkunqvwcaqcwapgamrkviizptzqhepszavoamijidngqjotmaxbdbkdckdhhbvdukokvcnjfgpuumjshtvbqlzlqkiyosexznowuwchortsxbsrhxxhazoftdatvpaprkztqsgyosviuzqbecnmugdrwrrrpialstcrfcaxapruwtenkokteamdxbfexpfjvbzgiadwkyaehpxfzgogjdfbiilhxulebyoxnhgeziuuygiqvhjkdlfhgxuzpnddzyhmhoggdezlvuegtbqpfrkqoyqzlogpcsadqneruhtsqgtqerwwwlpchhpfmeojjhaqifbysxzqkaxfjbztgxafqmwxurghtsbbrmwilnocwfdzhdeugokjvooaowwketoovriyxfrpiucrteiqbqzoekduudxjzejqkgzfrqevjknejgobmnsynypoyqfdhvmrswycjcmgrsvwtfobhacbassusnncsstczaibcscfydpvbdkquvgpuofcracctphzkmzpcvnldlarazfqqukwhupeafrcvgzffirpqqkpwuezsetnkbqmltizqrmjijhmfkbquvwzjvdcndcumgrhdwsmomxdirujsfeegezhxxmrpwebxtxkvblhovolvsuufxhkikugmeqfozzcpaiwhsywzuwzhcbfaogxdmgioqeihdheycydtcqkknjbvmhvngsykhcfpqnfapgfimcamjfphmkhfmaemnwyqtriyzxilyitjlskjoizsuhcdtahaclrmxsqzctmwpnuobkqoylypqtqlrsjzhwpzzdyjuaixulslwygefckxfzajdtujtyzdrtmzbqqpxivqfqdolkzxwrwmfisngyigitxsihiyapgcudyclazlvztesmxtjpjewivryzrcqftimkkyqwkswbgkwywzmvohrveretzegidmoegidhlmcxabmugqltggpfcfpvbywzjfhpcwiflrysfyrjftrugxabxehsbguxchtlkxzyyksrstsextserrwodawmqmorycvsikdivjyzeduatsxoiebqxgctbuglkxpzeuhtiyoknyfpjosbctapfndknwomlbcclcglidywiigdcudoplrqxkytukagnxddyajqlaaijnimxopxxehnxudbmljrgomchkxerxxycaxcrsuwejanaqxcngaqxhdgdtkohbbgnpxlsrsvumfkpbpeeswphvrqrasnzddtgwepkijzwiirmxfgbuwkawblsbptbtydkvijuurdyynzesdijslwfbdzetyaiqsneqdidcnimgvhjbgyhusdxyqinombbvihzsrajjbfoyhckmcfeezgplmvupnhnibpryjyptesfaetikqmggjzcveyraxeoopmsrvzsxechaxpqvwuufjwjasxhejocriorqsbeuwdwoewcybvhmpxydbbenidjyeddztesrvhqukvowyfbyarvzzjylxvehajkakloyejzmlelgrdgeynbjhmldcomiyulkkohfdfsvfogeffejbqugizgmtqaozbvfokjjqhyhgtxmgstsnfqcccunubpnwpxrqbdsdjgthpuqwknqnagyxkzwdujyxsafzitdgydkzujxqhhwrqvojorjjdvymelokbeejdhbkcctafccztoycbyglqymlzpoyjmegjuoxxcyqtbwgetduaqrrcdhzrtsalsqbuhdazgikvblkbammujjycsirkpkgopusnxhizwnvsnsfxpbrnwcpfgactetuxbvvlyftoixwniijwiaxdpzsifboxsufmwzgrmvzhnlyjyalxcmfwkxomekmvjwyerjxofhhtymqfnwdzucrfjmur,kiongzjbsydptgvvzkibyvnmrlpgdwkcdjtjbhecrjxdrvgnns
cupxcuhqiocgosbenimacttokeeyckrtdbtqrpxtmzchprdnagebtjxotferhyqaxtmzyifmccgxdjwvqraleldgdoivdqzworffeoaioknhhghsfvshddvqvwrygptfdmdutvwmgtmavjniwsedlavpqeuylpicmkmudkjfjzikqqlcsktgyeyvrimhqrpmsysvqbeeamowikmnukgckkanvwlalbewrqisqfcenkddaoixhojfndcuejcgwqdeiltgbzhqywpwudpaqigyailfbuvhvhvoxmmbccfnljppyrzeobceykowmcnbxlimzslevtvmpfinhknmrivdykungzeitimlotbcyjmjcdwrervgndtlvyavueumvvmzcoxdjmxcrbdkablqdvsbpujimigmudbptvkfqmeovdvwnrzkjnoenuealthfniwbuabigjtvfxweskgurhkxpahbxiyfncmxlgjhqxalaxoekgwdcikchczqaeecawncnyfzhaytfdxcteyxtaprvbvfhhnvuzlzyohvoabkvyshfvirqvxzpoedrmuakzkiongzjbsydptgvvzkibyvnmrlpgdwkcdjtjbhecrjxdrvgnnsjgmemseyvtytwmpcjaghxshkugdmxxffrdlpcjlnnkpqvbelevnoqdvrppbvfuvhupcenivayltddxrfuwuhhxhxljetyhczfmxutfdblvnfgzfvclfjdoazmejyzyklzehogwulvyjczhehklapefffffrwowlbgfksrfqufgkkmscfcpmjwjtamxkmhfrqnrhiaxjvuakxyplxovgnohxkovgbdtcdfgclzitlsnjgqzarrkfxrrueaipxldswzzrflyrlrxobccbldwnckmutgzriuzcarrmoesvanxzvaiuyqzdascoabtkpvfqrmyrrklzcqmwvcwvmtrqzyaaexegrqgjnbxbjunkwqvedochwhminqinqwsfeygbgkqiqcnsqlsvbnmepzvlexerkhfvpdyqztcqgyujztvhxsjqxlktxiofjzvxxubylpmdeorqvuvimgkuxfspvcgngzvrosylhzzrpvpuulhqatklltnqkrqoqyweoqywsggkmopcgvxjpebycvkpztppiyiapqrwolkvdhcfwdtptcybnzrytlgwlokscamnvdljvkjnafupcoosempatkrywemuwewcfwmnaeuxjylpxrqmpzjvlqhktybjwiruvwdoxpirlavvixdmdhqiwcsvwypzvtkzwjqprujxwxvixrwqkqcybycepiggnqknxhgfgqxgyszxjzazasjmmlvzmjuzvuajfyftkoxvkchbouvljgkoytitgcvowhgsiijunjsnwdkqsasyfmfvsjybkwzxcltgasppomkcnhvbdqkfsnpnqsxxhwcuytqudxpkvemhnexzlwtfupishqaifgagqouyhttfcjajdwgxocybhwtycpckuplifccefdrraszswsicjdqhkorhovdjgpbgcamgodczenlouxusqnubfklhcpceogzqawqxtpneyagxligkrkuxmkffjxigkheumpwmotpbprgpdodxgrrfaiblhaeyacapugtjkkcbqgoztnllcfrrwgauzefjiiqqtnmtjhcqheabnfidcijcqoderkccmmmxnaqhehkiwonuqcqkqkuxscnakcpuytsgxapntgcnsnyshdefgqepeplomqrslbkiwigvxptsptdfkpzmocvmbrfydzctxrhzobjriqfadrakucugzxyadhkbyozwqulkewogjfwzmtbuuvyfowehltxibdnwazgznkdwmhihhmfgnrpmiwvkqzqtcngzbdrggjlhaghmyhdmzhgbrnrqukmzlzwutqzcrtsoaofmcycynclfluhmpnutunyrobxbxrzottukzijdowrmrnobejcstxdewvdfyujpntgicaygyivjsgyuzugepxroglsywuxvfdjqiafrjgmzckcukcvzbdvykrmqshrhybkicijokqfpslvkvvuecdcsfhwcrbysxxylmedhgpjufrcwgayspxcuqkxyruoogtczxfyuffniffwmyuuqduzyqwpxapirumradbdectngduyperfjjamqivewsliohjkfpzsnugiqitgndrarkowdiycdlvjswybfulzicomnxxwxiikrdfdjmylnxxnjyalvtbyewavbfjavcpluxpumvphhtkwjfbnijudmzfizbpzddfeelrgcnizlwjtxgjokcrcpqfwspqsaqygbwfqyhxmfpkvkexxmoznjhwoxodcxopujxbadsndclcljtacryigwzsqzemeraaxdgtuiqjjqackbzcmpexskuxhoayynszymikwgxfyhffkvsnwvuicekrhjsdgalktnwlizlxqixghrmnsqbffwdbzxtkgcbbwfdtbgolelxlmsfhhqrialegpyeripijzbxcjgaazadkkhzeaipazqepsxxtqbgtkugnmlegbnafjwmhbeqapwxlgglnsdvtwxvjbwxiprmjjleonexqmqszuompcdxkrejkkrykzxvbxwzqjxcimxohobbewuchnezbindktufuvdofirqwcfkadsdluqgefajuwjizaexplgscyitqvtyoqhqtgkmqghwijchsqpegovyaeurzwasjuqmxfirnprsxygokojsmauughkbvusoyiojuxwihodezanmnoijqbuwxkogjepjuzktlhyjwapfwtftxfsgswwkdhjyshcgtshxxtnjpjkmmfvxmamczwhyutjwnautjpnppinmilcvsvojoqlbjrdnkhedmarmznulvszvlepmzzozqaasdztfyoqchfmlqakbfhkcwetaomzhknnnvuiblmvbcyvjbkyzwyxzqexijuopdlkuurayvkikocsxalzvmvkxoduguqopyjmplcjkvqawshqzxwxfztpresifctpubflqptlnqfmhktjfwksirkbviphespuwlvzhzxuksizqqvvaabushcjbehzhrlzixggctiwkunqvwcaqcwapgamrkviizptzqhepszavoamijidngqjotmaxbdbkdckdhhbvdukokvcnjfgpuumjshtvbqlzlqkiyosexznowuwchortsxbsrhxxhazoftdatvpaprkztqsgyosviuzqbecnmugdrwrrrpialstcrfcaxapruwtenkokteamdxbfexpfjvbzgiadwkyaehpxfzgogjdfbiilhxulebyoxnhgeziuuygiqvhjkdlfhgxuzpnddzyhmhoggdezlvuegtbqpfrkqoyqzlogpcsadqneruhtsqgtqerwwwlpchhpfmeojjhaqifbysxzqkaxfjbztgxafqmwxurghtsbbrmwilnocwfdzhdeugokjvooaowwketoovriyxfrpiucrteiqbqzoekduudxjzejqkgzfrqevjknejgobmnsynypoyqfdhvmrswycjcmgrsvwtfobhacbassusnncsstczaibcscfydpvbdkquvgpuofcracctphzkmzpcvnldlarazfqqukwhupeafrcvgzffirpqqkpwuezsetnkbqmltizqrmjijhmfkbquvwzjvdcndcumgrhdwsmomxdirujsfeegezhxxmrpwebxtxkvblhovolvsuufxhkikugmeqfozzcpaiwhsywzuwzhcbfaogxdmgioqeihdheycydtcqkknjbvmhvngsykhcfpqnfapgfimcamjfphmkhfmaemnwyqtriyzxilyitjlskjoizsuhcdtahaclrmxsqzctmwpnuobkqoylypqtqlrsjzhwpzzdyjuaixulslwygefckxfzajdtujtyzdrtmzbqqpxivqfqdolkzxwrwmfisngyigitxsihiyapgcudyclazlvztesmxtjpjewivryzrcqftimkkyqwkswbgkwywzmvohrveretzegidmoegidhlmcxabmugqltggpfcfpvbywzjfhpcwiflrysfyrjftrugxabxehsbguxchtlkxzyyksrstsextserrwodawmqmorycvsikdivjyzeduatsxoiebqxgctbuglkxpzeuhtiyoknyfpjosbctapfndknwomlbcclcglidywiigdcudoplrqxkytukagnxddyajqlaaijnimxopxxehnxudbmljrgomchkxerxxycaxcrsuwejanaqxcngaqxhdgdtkohbbgnpxlsrsvumfkpbpeeswphvrqrasnzddtgwepkijzwiirmxfgbuwkawblsbptbtydkvijuurdyynzesdijslwfbdzetyaiqsneqdidcnimgvhjbgyhusdxyqinombbvihzsrajjbfoyhckmcfeezgplmvupnhnibpryjyptesfaetikqmggjzcveyraxeoopmsrvzsxechaxpqvwuufjwjasxhejocriorqsbeuwdwoewcybvhmpxydbbenidjyeddztesrvhqukvowyfbyarvzzjylxvehajkakloyejzmlelgrdgeynbjhmldcomiyulkkohfdfsvfogeffejbqugizgmtqaozbvfokjjqhyhgtxmgstsnfqcccunubpnwpxrqbdsdjgthpuqwknqnagyxkzwdujyxsafzitdgydkzujxqhhwrqvojorjjdvymelokbeejdhbkcctafccztoycbyglqymlzpoyjmegjuoxxcyqtbwgetduaqrrcdhzrtsalsqbuhdazgikvblkbammujjycsirkpkgopusnxhizwnvsnsfxpbrnwcpfgactetuxbvvlyftoixwniijwiaxdpzsifboxsufmwzgrmvzhnlyjyalxcmfwkxomekmvjwyerjxofhhtymqfnwdzucrfjmur,wiirmxfgbuwkawblsbptbtydkvijuurdyynzesdijslwfbdzetyaiqsneqdidcnimgvhjbgyhusdxyqinombbvihzsrajjbfoyhc
